{"grid_size": 1000, "lat_range": [22.79399099099099, 22.81200900900901], "lon_range": [113.94222717493471, 113.96177282506528], "base_elevation": 45.0, "drone_altitude": 50.0, "obstacle_rule": "\u6240\u6709\u5efa\u7b51\u7269\u89c6\u4e3a\u969c\u788d\u7269\uff0c\u5fc5\u987b\u7ed5\u8fc7"}